state,avg_api
Melaka,46.03916542
Kedah,40.36742472
PulauPinang,46.75176148
Johor,42.44788427
KualaLumpur,50.25801976
Putrajaya,50.08637327
Selangor,57.3211274
Perak,44.47388613
NegeriSembilan,47.99854169
Pahang,41.32949903
Terengganu,39.53929007
Kelantan,44.17913895
Perlis,38.07172747
Sarawak,33.68519419
Sabah,30.98280831
Labuan,40.04268923
